<?xml version="1.0" encoding="utf-8" ?>
<!--
Licensee: Laboradmin(HTWG Konstanz)
License Type: Academic
-->
<!DOCTYPE hibernate-configuration PUBLIC
        "-//Hibernate/Hibernate Configuration DTD 3.0//EN"
 "http://www.hibernate.org/dtd/hibernate-configuration-3.0.dtd">
<hibernate-configuration>
	<session-factory>
   	<!-- properties -->
		<property name="dialect">org.hibernate.dialect.Oracle12cDialect</property>
		<property name="connection.driver_class">oracle.jdbc.OracleDriver</property>
		<property name="connection.url">jdbc:oracle:thin:@oracle19c.in.htwg-konstanz.de:1521:ora19c</property>
		<property name="connection.username">dbsys57</property>
		<property name="connection.password">dbsys57</property>
		<property name="hibernate.connection.provider_class">org.hibernate.service.jdbc.connections.internal.C3P0ConnectionProvider</property>
		<property name="hibernate.c3p0.acquire_increment">1</property>
		<property name="hibernate.c3p0.idle_test_period">0</property>
		<property name="hibernate.c3p0.min_size">1</property>
		<property name="hibernate.c3p0.max_size">15</property>
		<property name="hibernate.c3p0.timeout">0</property>
		<property name="show_sql">false</property>
		<property name="query.substitutions">true 1, false 0, yes 'Y', no 'N'</property>
		<!-- mapping files -->
		<mapping resource="ormmapping/Studiengang.hbm.xml" />
		<mapping resource="ormmapping/Vorlesung.hbm.xml" />
	</session-factory>
</hibernate-configuration>
