<?xml version="1.0" encoding="UTF-8"?>

<Database>
  <Setting type="1024">
    <Driver></Driver>
    <DriverFiles></DriverFiles>
    <Dialect></Dialect>
    <DriverClass></DriverClass>
    <URL></URL>
    <UserName></UserName>
    <EncryptedPassword>32F3ACE632ECEBAFB24DCAF99A8C6CDC</EncryptedPassword>
    <HostName></HostName>
    <PortNO></PortNO>
    <DBName></DBName>
    <ServiceName></ServiceName>
    <ServerName></ServerName>
    <SelectedForm>true</SelectedForm>
  </Setting>
  <Setting type="131072">
    <Driver></Driver>
    <DriverFiles></DriverFiles>
    <Dialect></Dialect>
    <DriverClass></DriverClass>
    <URL></URL>
    <UserName></UserName>
    <EncryptedPassword>32F3ACE632ECEBAFB24DCAF99A8C6CDC</EncryptedPassword>
    <HostName></HostName>
    <PortNO></PortNO>
    <DBName></DBName>
    <ServiceName></ServiceName>
    <ServerName></ServerName>
    <SelectedForm>true</SelectedForm>
  </Setting>
  <Setting type="128">
    <Driver></Driver>
    <DriverFiles></DriverFiles>
    <Dialect></Dialect>
    <DriverClass></DriverClass>
    <URL></URL>
    <UserName></UserName>
    <EncryptedPassword>32F3ACE632ECEBAFB24DCAF99A8C6CDC</EncryptedPassword>
    <HostName></HostName>
    <PortNO></PortNO>
    <DBName></DBName>
    <ServiceName></ServiceName>
    <ServerName></ServerName>
    <SelectedForm>true</SelectedForm>
  </Setting>
  <Setting type="32">
    <Driver></Driver>
    <DriverFiles></DriverFiles>
    <Dialect></Dialect>
    <DriverClass></DriverClass>
    <URL></URL>
    <UserName></UserName>
    <EncryptedPassword>32F3ACE632ECEBAFB24DCAF99A8C6CDC</EncryptedPassword>
    <HostName></HostName>
    <PortNO></PortNO>
    <DBName></DBName>
    <ServiceName></ServiceName>
    <ServerName></ServerName>
    <SelectedForm>true</SelectedForm>
  </Setting>
  <Setting type="16384">
    <Driver></Driver>
    <DriverFiles></DriverFiles>
    <Dialect></Dialect>
    <DriverClass></DriverClass>
    <URL></URL>
    <UserName></UserName>
    <EncryptedPassword>32F3ACE632ECEBAFB24DCAF99A8C6CDC</EncryptedPassword>
    <HostName></HostName>
    <PortNO></PortNO>
    <DBName></DBName>
    <ServiceName></ServiceName>
    <ServerName></ServerName>
    <SelectedForm>true</SelectedForm>
  </Setting>
  <Setting type="2048">
    <Driver></Driver>
    <DriverFiles></DriverFiles>
    <Dialect></Dialect>
    <DriverClass></DriverClass>
    <URL></URL>
    <UserName></UserName>
    <EncryptedPassword>32F3ACE632ECEBAFB24DCAF99A8C6CDC</EncryptedPassword>
    <HostName></HostName>
    <PortNO></PortNO>
    <DBName></DBName>
    <ServiceName></ServiceName>
    <ServerName></ServerName>
    <SelectedForm>true</SelectedForm>
  </Setting>
  <Setting type="262144">
    <Driver></Driver>
    <DriverFiles></DriverFiles>
    <Dialect></Dialect>
    <DriverClass></DriverClass>
    <URL></URL>
    <UserName></UserName>
    <EncryptedPassword>32F3ACE632ECEBAFB24DCAF99A8C6CDC</EncryptedPassword>
    <HostName></HostName>
    <PortNO></PortNO>
    <DBName></DBName>
    <ServiceName></ServiceName>
    <ServerName></ServerName>
    <SelectedForm>true</SelectedForm>
  </Setting>
  <Setting type="4194304">
    <Driver></Driver>
    <DriverFiles></DriverFiles>
    <Dialect></Dialect>
    <DriverClass></DriverClass>
    <URL></URL>
    <UserName></UserName>
    <EncryptedPassword>32F3ACE632ECEBAFB24DCAF99A8C6CDC</EncryptedPassword>
    <HostName></HostName>
    <PortNO></PortNO>
    <DBName></DBName>
    <ServiceName></ServiceName>
    <ServerName></ServerName>
    <SelectedForm>true</SelectedForm>
  </Setting>
  <Setting type="256">
    <Driver></Driver>
    <DriverFiles></DriverFiles>
    <Dialect></Dialect>
    <DriverClass></DriverClass>
    <URL></URL>
    <UserName></UserName>
    <EncryptedPassword>32F3ACE632ECEBAFB24DCAF99A8C6CDC</EncryptedPassword>
    <HostName></HostName>
    <PortNO></PortNO>
    <DBName></DBName>
    <ServiceName></ServiceName>
    <ServerName></ServerName>
    <SelectedForm>true</SelectedForm>
  </Setting>
  <Setting type="65536">
    <Driver></Driver>
    <DriverFiles></DriverFiles>
    <Dialect></Dialect>
    <DriverClass></DriverClass>
    <URL></URL>
    <UserName></UserName>
    <EncryptedPassword>32F3ACE632ECEBAFB24DCAF99A8C6CDC</EncryptedPassword>
    <HostName></HostName>
    <PortNO></PortNO>
    <DBName></DBName>
    <ServiceName></ServiceName>
    <ServerName></ServerName>
    <SelectedForm>true</SelectedForm>
  </Setting>
  <Setting type="64">
    <Driver></Driver>
    <DriverFiles></DriverFiles>
    <Dialect></Dialect>
    <DriverClass></DriverClass>
    <URL></URL>
    <UserName></UserName>
    <EncryptedPassword>32F3ACE632ECEBAFB24DCAF99A8C6CDC</EncryptedPassword>
    <HostName></HostName>
    <PortNO></PortNO>
    <DBName></DBName>
    <ServiceName></ServiceName>
    <ServerName></ServerName>
    <SelectedForm>true</SelectedForm>
  </Setting>
  <Setting type="16">
    <Driver>Oracle9i/10g (or above)</Driver>
    <DriverFiles>C:\Users\ti741wan\Downloads\ojdbc11.jar</DriverFiles>
    <Dialect>org.hibernate.dialect.Oracle12cDialect</Dialect>
    <DriverClass>oracle.jdbc.OracleDriver</DriverClass>
    <URL>jdbc:oracle:thin:@oracle19c.in.htwg-konstanz.de:1521:ora19c</URL>
    <UserName>dbsys57</UserName>
    <EncryptedPassword>C7E46DFB15FF91D8F631F46C51E02D78</EncryptedPassword>
    <HostName>oracle19c.in.htwg-konstanz.de</HostName>
    <PortNO>1521</PortNO>
    <DBName>ora19c</DBName>
    <ServiceName></ServiceName>
    <ServerName></ServerName>
    <SelectedForm>true</SelectedForm>
  </Setting>
  <Setting type="8192">
    <Driver></Driver>
    <DriverFiles></DriverFiles>
    <Dialect></Dialect>
    <DriverClass></DriverClass>
    <URL></URL>
    <UserName></UserName>
    <EncryptedPassword>32F3ACE632ECEBAFB24DCAF99A8C6CDC</EncryptedPassword>
    <HostName></HostName>
    <PortNO></PortNO>
    <DBName></DBName>
    <ServiceName></ServiceName>
    <ServerName></ServerName>
    <SelectedForm>true</SelectedForm>
  </Setting>
  <Setting type="2097152">
    <Driver></Driver>
    <DriverFiles></DriverFiles>
    <Dialect></Dialect>
    <DriverClass></DriverClass>
    <URL></URL>
    <UserName></UserName>
    <EncryptedPassword>32F3ACE632ECEBAFB24DCAF99A8C6CDC</EncryptedPassword>
    <HostName></HostName>
    <PortNO></PortNO>
    <DBName></DBName>
    <ServiceName></ServiceName>
    <ServerName></ServerName>
    <SelectedForm>true</SelectedForm>
  </Setting>
  <Setting type="32768">
    <Driver></Driver>
    <DriverFiles></DriverFiles>
    <Dialect></Dialect>
    <DriverClass></DriverClass>
    <URL></URL>
    <UserName></UserName>
    <EncryptedPassword>32F3ACE632ECEBAFB24DCAF99A8C6CDC</EncryptedPassword>
    <HostName></HostName>
    <PortNO></PortNO>
    <DBName></DBName>
    <ServiceName></ServiceName>
    <ServerName></ServerName>
    <SelectedForm>true</SelectedForm>
  </Setting>
  <Setting type="67108864">
    <Driver></Driver>
    <DriverFiles></DriverFiles>
    <Dialect></Dialect>
    <DriverClass></DriverClass>
    <URL></URL>
    <UserName></UserName>
    <EncryptedPassword>32F3ACE632ECEBAFB24DCAF99A8C6CDC</EncryptedPassword>
    <HostName></HostName>
    <PortNO></PortNO>
    <DBName></DBName>
    <ServiceName></ServiceName>
    <ServerName></ServerName>
    <SelectedForm>true</SelectedForm>
  </Setting>
  <Setting type="1048576">
    <Driver></Driver>
    <DriverFiles></DriverFiles>
    <Dialect></Dialect>
    <DriverClass></DriverClass>
    <URL></URL>
    <UserName></UserName>
    <EncryptedPassword>32F3ACE632ECEBAFB24DCAF99A8C6CDC</EncryptedPassword>
    <HostName></HostName>
    <PortNO></PortNO>
    <DBName></DBName>
    <ServiceName></ServiceName>
    <ServerName></ServerName>
    <SelectedForm>true</SelectedForm>
  </Setting>
  <Setting type="33554432">
    <Driver></Driver>
    <DriverFiles></DriverFiles>
    <Dialect></Dialect>
    <DriverClass></DriverClass>
    <URL></URL>
    <UserName></UserName>
    <EncryptedPassword>32F3ACE632ECEBAFB24DCAF99A8C6CDC</EncryptedPassword>
    <HostName></HostName>
    <PortNO></PortNO>
    <DBName></DBName>
    <ServiceName></ServiceName>
    <ServerName></ServerName>
    <SelectedForm>true</SelectedForm>
  </Setting>
  <Setting type="524288">
    <Driver></Driver>
    <DriverFiles></DriverFiles>
    <Dialect></Dialect>
    <DriverClass></DriverClass>
    <URL></URL>
    <UserName></UserName>
    <EncryptedPassword>32F3ACE632ECEBAFB24DCAF99A8C6CDC</EncryptedPassword>
    <HostName></HostName>
    <PortNO></PortNO>
    <DBName></DBName>
    <ServiceName></ServiceName>
    <ServerName></ServerName>
    <SelectedForm>true</SelectedForm>
  </Setting>
  <Setting type="16777216">
    <Driver></Driver>
    <DriverFiles></DriverFiles>
    <Dialect></Dialect>
    <DriverClass></DriverClass>
    <URL></URL>
    <UserName></UserName>
    <EncryptedPassword>32F3ACE632ECEBAFB24DCAF99A8C6CDC</EncryptedPassword>
    <HostName></HostName>
    <PortNO></PortNO>
    <DBName></DBName>
    <ServiceName></ServiceName>
    <ServerName></ServerName>
    <SelectedForm>true</SelectedForm>
  </Setting>
  <Setting type="8388608">
    <Driver></Driver>
    <DriverFiles></DriverFiles>
    <Dialect></Dialect>
    <DriverClass></DriverClass>
    <URL></URL>
    <UserName></UserName>
    <EncryptedPassword>32F3ACE632ECEBAFB24DCAF99A8C6CDC</EncryptedPassword>
    <HostName></HostName>
    <PortNO></PortNO>
    <DBName></DBName>
    <ServiceName></ServiceName>
    <ServerName></ServerName>
    <SelectedForm>true</SelectedForm>
  </Setting>
</Database>
