<?xml version="1.0" encoding="utf-8" ?>
<!--
Licensee: Laboradmin(HTWG Konstanz)
License Type: Academic
-->
<!DOCTYPE hibernate-mapping PUBLIC "-//Hibernate/Hibernate Mapping DTD 3.0//EN" "http://www.hibernate.org/dtd/hibernate-mapping-3.0.dtd">
<hibernate-mapping>
	<class name="Studiengang" table="Studiengang" lazy="false">
		<id name="kuerzel" column="Kuerzel" type="string">
			<generator class="native">
			</generator>
		</id>
		<property name="name" column="Name" type="string" length="255" not-null="false" lazy="false"/>
		<property name="abschluss" column="Abschluss" type="string" length="255" not-null="false" lazy="false"/>
		<set name="ORM_Vorlesung" lazy="true" cascade="save-update,lock" inverse="true">
			<key column="StudiengangKuerzel" not-null="true"/>
			<one-to-many class="Vorlesung"/>
		</set>
	</class>
</hibernate-mapping>
