<?xml version="1.0" encoding="utf-8" ?>
<!--
Licensee: Laboradmin(HTWG Konstanz)
License Type: Academic
-->
<!DOCTYPE hibernate-mapping PUBLIC "-//Hibernate/Hibernate Mapping DTD 3.0//EN" "http://www.hibernate.org/dtd/hibernate-mapping-3.0.dtd">
<hibernate-mapping>
	<class name="Vorlesung" table="Vorlesung" lazy="false">
		<id name="ID" column="ID" type="integer" unsaved-value="0">
			<generator class="native">
			</generator>
		</id>
		<property name="name" column="Name" type="string" length="255" not-null="false" lazy="false"/>
		<property name="ects" column="Ects" type="integer" length="10" not-null="true" lazy="false"/>
		<property name="sws" column="Sws" type="integer" length="10" not-null="true" lazy="false"/>
		<many-to-one name="studiengang" cascade="lock" column="StudiengangKuerzel" class="Studiengang" not-null="true" lazy="proxy" access="field">
		</many-to-one>
	</class>
</hibernate-mapping>
